resource_id,title,original_url,resolved_url,http_status,attempt_count,current_bytes,expected_bytes,error_code,error_message,final_classification,recommended_action
BL-IE-028BA24399B5,Yama Niyama Brahmachari – Christmas is not on the Vaishnava calendar.docx,https://iskconeducation.org/media_library_old/Yama20Niyama20Brahmachari20-20Christmas20is20not20on20the20Vaishnava20calendar.docx,https://iskconeducation.org/media_library_old/Yama20Niyama20Brahmachari20-20Christmas20is20not20on20the20Vaishnava20calendar.docx,200,4,30219,27491,HTML_FOR_DOCUMENT,HTML content-type for document URL (text/html),terminal-manual-review,Needs manual review
BL-IE-02966FDD3484,BhaktivinodaThakur20-I have who has.xlsx,https://iskconeducation.org/media_library_old/BhaktivinodaThakur20-I20have20who20has.xlsx,https://iskconeducation.org/media_library_old/BhaktivinodaThakur20-I20have20who20has.xlsx,200,4,366147,46557,HTML_FOR_DOCUMENT,HTML content-type for document URL (text/html),terminal-manual-review,Needs manual review
BL-IE-1E204BCBFA67,1996 curriculum correspondence – curriculum topics – songs by grade level – etiquette.pdf,https://iskconeducation.org/media_library_old/199620curriculum20correspondence20-20curriculum20topics20-20songs20by20grade20level20-20etiquette.pdf,https://iskconeducation.org/media_library_old/199620curriculum20correspondence20-20curriculum20topics20-20songs20by20grade20level20-20etiquette.pdf,200,3,0,0,,,source-empty,Remote returns empty body / Content-Length 0
BL-IE-252DB8084843,KC Christmas Carols for 80s Xmas marathons.pdf,https://iskconeducation.org/media_library_old/KC20Christmas20Carols20for2080s20Xmas20marathons.pdf,https://iskconeducation.org/media_library_old/KC20Christmas20Carols20for2080s20Xmas20marathons.pdf,200,3,0,0,,,source-empty,Remote returns empty body / Content-Length 0
BL-IE-27187455EA4C,Children&#039;s Songs – Advent of Krishna.pdf,https://iskconeducation.org/media_library_old/Children27s20Songs20-20Advent20of20Krishna.pdf,https://iskconeducation.org/media_library_old/Children27s20Songs20-20Advent20of20Krishna.pdf,200,3,0,0,,,source-empty,Remote returns empty body / Content-Length 0
BL-IE-34F4E8F53A1B,Children&#039;s songs – Misc.pdf,https://iskconeducation.org/media_library_old/Children27s20songs20-20Misc.pdf,https://iskconeducation.org/media_library_old/Children27s20songs20-20Misc.pdf,200,3,0,0,,,source-empty,Remote returns empty body / Content-Length 0
BL-IE-356A665D8898,Krsna poems by North Carolina gurukula.pdf,https://iskconeducation.org/media_library_old/Krsna20poems20by20North20Carolina20gurukula.pdf,https://iskconeducation.org/media_library_old/Krsna20poems20by20North20Carolina20gurukula.pdf,200,3,0,0,,,source-empty,Remote returns empty body / Content-Length 0
BL-IE-392C9045301C,Krishna Pastime lyrics – Advent of Lord Krishna – Yamini.docx,https://iskconeducation.org/media_library_old/Krishna20Pastime20lyrics20-20Advent20of20Lord20Krishna20-20Yamini.docx,https://iskconeducation.org/media_library_old/Krishna20Pastime20lyrics20-20Advent20of20Lord20Krishna20-20Yamini.docx,200,4,18569,15769,HTML_FOR_DOCUMENT,HTML content-type for document URL (text/html),terminal-manual-review,Needs manual review
BL-IE-426A6E0311FA,Children&#039;s songs – Pastimes of Chaitanya Mahaprabhu.pdf,https://iskconeducation.org/media_library_old/Children27s20songs20-20Pastimes20of20Chaitanya20Mahaprabhu.pdf,https://iskconeducation.org/media_library_old/Children27s20songs20-20Pastimes20of20Chaitanya20Mahaprabhu.pdf,200,3,0,0,,,source-empty,Remote returns empty body / Content-Length 0
BL-IE-47E50CC62FEE,Krishna Pastimes lyrics – Govardhana Puja – Yamini.docx,https://iskconeducation.org/media_library_old/Krishna20Pastimes20lyrics20-20Govardhana20Puja20-20Yamini.docx,https://iskconeducation.org/media_library_old/Krishna20Pastimes20lyrics20-20Govardhana20Puja20-20Yamini.docx,200,4,16107,13297,HTML_FOR_DOCUMENT,HTML content-type for document URL (text/html),terminal-manual-review,Needs manual review
BL-IE-5B794896E2D6,2Savitri Saves Her Husband.docx,https://iskconeducation.org/media_library_old/2Savitri20Saves20Her20Husband.docx,https://iskconeducation.org/media_library_old/2Savitri20Saves20Her20Husband.docx,200,4,26371,23381,HTML_FOR_DOCUMENT,HTML content-type for document URL (text/html),terminal-manual-review,Needs manual review
BL-IE-5F15518E941A,A Day in Dwaraka,https://iskconeducation.org/media_library_old/A20Day20in20Dwaraka.docx,https://iskconeducation.org/media_library_old/A20Day20in20Dwaraka.docx,200,4,35065,32078,HTML_FOR_DOCUMENT,HTML content-type for document URL (text/html),terminal-manual-review,Needs manual review
BL-IE-6C9A9EEFF613,8Savithri- the strength that dwells in women.docx,https://iskconeducation.org/media_library_old/8Savithri-20the20strength20that20dwells20in20women.docx,https://iskconeducation.org/media_library_old/8Savithri-20the20strength20that20dwells20in20women.docx,200,4,34282,31248,HTML_FOR_DOCUMENT,HTML content-type for document URL (text/html),terminal-manual-review,Needs manual review
BL-IE-753B4AD9EB5C,BhaktivinodaThakur-10–I have who has.xlsx,https://iskconeducation.org/media_library_old/BhaktivinodaThakur-10-I20have20who20has.xlsx,https://iskconeducation.org/media_library_old/BhaktivinodaThakur-10-I20have20who20has.xlsx,200,4,365415,45451,HTML_FOR_DOCUMENT,HTML content-type for document URL (text/html),terminal-manual-review,Needs manual review
BL-IE-816BD588C0CA,Little Vaisnava Song tape 1 – with scan errors.docx,https://iskconeducation.org/media_library_old/Little20Vaisnava20Song20tape20120-20with20scan20errors.docx,https://iskconeducation.org/media_library_old/Little20Vaisnava20Song20tape20120-20with20scan20errors.docx,200,4,48212,45098,HTML_FOR_DOCUMENT,HTML content-type for document URL (text/html),terminal-manual-review,Needs manual review
BL-IE-89DCA0F65A13,Delivering the Drunken Brothers-Text-Activities-1B5.docx,https://iskconeducation.org/media_library_old/Delivering20the20Drunken20Brothers-Text-Activities-1B5.docx,https://iskconeducation.org/media_library_old/Delivering20the20Drunken20Brothers-Text-Activities-1B5.docx,200,4,12632,10436,HTML_FOR_DOCUMENT,HTML content-type for document URL (text/html),terminal-manual-review,Needs manual review
BL-IE-92648A9F5523,GaurakishoraDasBabaji-10–I have who has.xlsx,https://iskconeducation.org/media_library_old/GaurakishoraDasBabaji-10-I20have20who20has.xlsx,https://iskconeducation.org/media_library_old/GaurakishoraDasBabaji-10-I20have20who20has.xlsx,200,4,365443,45295,HTML_FOR_DOCUMENT,HTML content-type for document URL (text/html),terminal-manual-review,Needs manual review
BL-IE-B4C93D65ABE0,Nrsimhadeva-vocab-I have who has.xlsx,https://iskconeducation.org/media_library_old/Nrsimhadeva-vocab-I20have20who20has.xlsx,https://iskconeducation.org/media_library_old/Nrsimhadeva-vocab-I20have20who20has.xlsx,200,4,365817,45934,HTML_FOR_DOCUMENT,HTML content-type for document URL (text/html),terminal-manual-review,Needs manual review
BL-IE-B5F5B0985700,Mercy for Jagai and Madha.docx,https://iskconeducation.org/media_library_old/Mercy20for20Jagai20and20Madha.docx,https://iskconeducation.org/media_library_old/Mercy20for20Jagai20and20Madha.docx,200,4,12950,10752,HTML_FOR_DOCUMENT,HTML content-type for document URL (text/html),terminal-manual-review,Needs manual review
BL-IE-BA7939401B43,Delivering the Drunken Brothers-simplified-1B5.docx,https://iskconeducation.org/media_library_old/Delivering20the20Drunken20Brothers-simplified-1B5.docx,https://iskconeducation.org/media_library_old/Delivering20the20Drunken20Brothers-simplified-1B5.docx,200,4,11592,9393,HTML_FOR_DOCUMENT,HTML content-type for document URL (text/html),terminal-manual-review,Needs manual review
BL-IE-BAE3584B4200,Mahabharata – digital story,https://iskconeducation.org/media_library_old/mahabharata20-20all.zip,https://iskconeducation.org/media_library_old/mahabharata20-20all.zip,200,1,19010847,19010847,,,completed,Job complete with nonzero payload
BL-IE-BE5B83C049A4,DrunkenBrothers-ThreeLevelGuide.docx,https://iskconeducation.org/media_library_old/DrunkenBrothers-ThreeLevelGuide.docx,https://iskconeducation.org/media_library_old/DrunkenBrothers-ThreeLevelGuide.docx,200,4,11300,9098,HTML_FOR_DOCUMENT,HTML content-type for document URL (text/html),terminal-manual-review,Needs manual review
BL-IE-D1DEDC7CEEF5,Delivering the Drunken Brothers-Text-Activities.docx,https://iskconeducation.org/media_library_old/Delivering20the20Drunken20Brothers-Text-Activities.docx,https://iskconeducation.org/media_library_old/Delivering20the20Drunken20Brothers-Text-Activities.docx,200,4,12645,10470,HTML_FOR_DOCUMENT,HTML content-type for document URL (text/html),terminal-manual-review,Needs manual review
BL-IE-D2762DDFB0F7,Delivering the Drunken Brothers-Sequence.docx,https://iskconeducation.org/media_library_old/Delivering20the20Drunken20Brothers-Sequence.docx,https://iskconeducation.org/media_library_old/Delivering20the20Drunken20Brothers-Sequence.docx,200,4,11636,9431,HTML_FOR_DOCUMENT,HTML content-type for document URL (text/html),terminal-manual-review,Needs manual review
BL-IE-D3ADE693D1B8,Chanting lyrics – by Bhavatarini dasi,https://iskconeducation.org/media_library_old/Chanting20by20Bhavatarini20lyrics.docx,https://iskconeducation.org/media_library_old/Chanting20by20Bhavatarini20lyrics.docx,200,4,13522,10713,HTML_FOR_DOCUMENT,HTML content-type for document URL (text/html),terminal-manual-review,Needs manual review
BL-IE-D3BCE4797FE8,KC Assertive discipline techniques.pdf,https://iskconeducation.org/media_library_old/KC20Assertive20discipline20techniques.pdf,https://iskconeducation.org/media_library_old/KC20Assertive20discipline20techniques.pdf,200,3,0,0,,,source-empty,Remote returns empty body / Content-Length 0
BL-IE-DA29D5E49AA8,Real education By Urmila Devi dasi,https://iskconeducation.org/media_library/real-education-by-urmila-devi-dasi/,https://iskconeducation.org/media_library_old/Real20education20By20Urmila20Devi20dasi.docx,200,4,52309,49592,HTML_FOR_DOCUMENT,HTML content-type for document URL (text/html),terminal-manual-review,Needs manual review
BL-IE-DE54AFADFF2E,1Savitri – Readers&#039; Theater.docx,https://iskconeducation.org/media_library_old/1Savitri20-20Readers2720Theater.docx,https://iskconeducation.org/media_library_old/1Savitri20-20Readers2720Theater.docx,200,4,27368,24239,HTML_FOR_DOCUMENT,HTML content-type for document URL (text/html),terminal-manual-review,Needs manual review
BL-IE-E04333B1C730,Krsna Pastimes songbook – Jamini dd.docx,https://iskconeducation.org/media_library_old/Krsna20Pastimes20songbook20-20Jamini20dd.docx,https://iskconeducation.org/media_library_old/Krsna20Pastimes20songbook20-20Jamini20dd.docx,200,4,203545,194945,HTML_FOR_DOCUMENT,HTML content-type for document URL (text/html),terminal-manual-review,Needs manual review
BL-IE-E9F60E3B840C,Ramayana – digital story,https://iskconeducation.org/media_library_old/ramayana20-20all.zip,https://iskconeducation.org/media_library_old/ramayana20-20all.zip,200,1,8473106,8473106,,,completed,Job complete with nonzero payload
BL-IE-EBB2EA1715E9,Songs for Krsna&#039;s Kids – Learning Sastra through Music Vol 1 – needs some formatting.docx,https://iskconeducation.org/media_library_old/Songs20for20Krsna27s20Kids20-20Learning20Sastra20through20Music20Vol20120-20needs20some20formatting.docx,https://iskconeducation.org/media_library_old/Songs20for20Krsna27s20Kids20-20Learning20Sastra20through20Music20Vol20120-20needs20some20formatting.docx,200,4,170276,162041,HTML_FOR_DOCUMENT,HTML content-type for document URL (text/html),terminal-manual-review,Needs manual review
BL-IE-F2C065CAF1CE,Yama Niyama Brahmachari – Rocking Very Hard for Krishna.docx,https://iskconeducation.org/media_library_old/Yama20Niyama20Brahmachari20-20Rocking20Very20Hard20for20Krishna.docx,https://iskconeducation.org/media_library_old/Yama20Niyama20Brahmachari20-20Rocking20Very20Hard20for20Krishna.docx,200,4,30652,27879,HTML_FOR_DOCUMENT,HTML content-type for document URL (text/html),terminal-manual-review,Needs manual review
BL-IE-F37F3B886465,DrunkenBrothers-Sequence-simplified-1B5.docx,https://iskconeducation.org/media_library_old/DrunkenBrothers-Sequence-simplified-1B5.docx,https://iskconeducation.org/media_library_old/DrunkenBrothers-Sequence-simplified-1B5.docx,200,4,10813,8610,HTML_FOR_DOCUMENT,HTML content-type for document URL (text/html),terminal-manual-review,Needs manual review
BL-IE-F6AD8E8BF71B,Karna – digital story,https://iskconeducation.org/media_library_old/karna01.zip,https://iskconeducation.org/media_library_old/karna01.zip,200,1,5650073,5650073,,,completed,Job complete with nonzero payload
